{
  "project_info": {
    "project_number": "430735707384",
    "firebase_url": "https://helptrees-a292a-default-rtdb.europe-west1.firebasedatabase.app",
    "project_id": "helptrees-a292a",
    "storage_bucket": "helptrees-a292a.appspot.com"
  },
  "client": [
    {
      "client_info": {
        "mobilesdk_app_id": "1:430735707384:android:eb10ff68a1af4aac643f0d",
        "android_client_info": {
          "package_name": "com.example.helptrees"
        }
      },
      "oauth_client": [],
      "api_key": [
        {
          "current_key": "AIzaSyA8kFTcMgTp2QW7OddWzbF4GUk5khFMxWI"
        }
      ],
      "services": {
        "appinvite_service": {
          "other_platform_oauth_client": []
        }
      }
    },
    {
      "client_info": {
        "mobilesdk_app_id": "1:430735707384:android:34f947b8f82dbd51643f0d",
        "android_client_info": {
          "package_name": "com.example.individualproject"
        }
      },
      "oauth_client": [],
      "api_key": [
        {
          "current_key": "AIzaSyA8kFTcMgTp2QW7OddWzbF4GUk5khFMxWI"
        }
      ],
      "services": {
        "appinvite_service": {
          "other_platform_oauth_client": []
        }
      }
    }
  ],
  "configuration_version": "1"
}